feature,ks_statistic,p_value,drift_flag
age,0.08758975748543557,0.8124358834242044,False
trestbps,0.13839588131689473,0.2761914867893869,False
chol,0.2965045386803956,0.0002670086555657955,True
thalach,0.22320823736621054,0.01266440824441253,True
oldpeak,0.22944045522286954,0.009719080529211714,True
